seller-sku,isbn10,item-name,open-date,fulfillment-channel,status,
00-UMZ2-E1R0,1910620270,Geis 2: A Game Without Rules [Hardcover] Alexis Deacon,17/11/2020 08:06:26 GMT,PARTNER,Active,
03-AQO4-VD85,1504800125,Soft Furnishings (Professional Results) [Paperback] Wendy Shorter,05/01/2021 13:31:27 GMT,PARTNER,Active,
04-UGMK-IE1W,1847672930,"For Richer, For Poorer: Confessions of a Player [Paperback] Victoria Coren",12/11/2020 08:54:27 GMT,PARTNER,Active,
08-60JE-IFFJ,91941830,"The Princess Matilda Comes Home [Paperback] Spall, Shane",25/11/2020 12:26:34 GMT,PARTNER,Active,
08-PFQD-K4U1,571190626,"Secret Muses: The Life of Frederick Ashton [Paperback] Kavanagh, Julie",16/02/2021 06:49:54 GMT,DEFAULT,Active,
09-TLA1-PTLZ,1840464186,"The Pendulum Years: Britain in the Sixties [Paperback] Levin, Bernard",27/11/2020 07:21:36 GMT,PARTNER,Active,
09-ZN75-O006,1781801932,"Life's Operating Manual: With the Fear and Truth Dialogues Shadyac, Tom",27/11/2020 07:24:10 GMT,PARTNER,Active,
0G-31O5-C1MJ,571278523,"Death of a Polaroid - A Manics Family Album [Hardcover] Wire, Nicky",20/07/2021 12:00:33 BST,DEFAULT,Active,
0J-91HU-2PGE,1785902199,How To Be A Police Officer [Paperback] Graham Wettone,07/01/2021 09:15:01 GMT,PARTNER,Active,
0N-78B2-IVOY,1846866200,"Animal Boogie (Singalong) [Paperback] Books, Barefoot and Harter, Debbie",30/05/2021 11:41:56 BST,DEFAULT,Active,
0S-OFGH-9U7G,1782197583,Making God Laugh: The most beautiful true story of love and loss you will ever read [Paperback] Ellen Jameson,07/04/2021 16:06:02 BST,DEFAULT,Active,
0T-T8FN-3NX5,753821486,"Voyageur: Across the Rocky Mountains in a Birchbark Canoe (The Hungry Student) Twigger, Robert",21/12/2020 11:59:39 GMT,PARTNER,Active,
0U-HO7I-GRV7,91953642,"Ex-Communication: Superheroes vs Zombies (Ex-Heroes) [Paperback] Clines, Peter",17/12/2020 17:20:08 GMT,PARTNER,Active,
10-UHAE-6CE8,1910498696,Hurricane Fly: The Ultimate Hurdler [Paperback] Andrew Pennington,21/12/2020 14:13:56 GMT,PARTNER,Active,
12-AP5J-CCUE,1844548945,The Horses of My Life [Paperback] Richard Dunwoody,28/12/2020 17:22:47 GMT,DEFAULT,Active,
14-OE7J-SAF9,571244548,"Dark Spectre [Paperback] Dibdin, Michael",09/02/2021 10:11:25 GMT,PARTNER,Active,
14-PX6V-1P05,747596034,"Red Azalea [Paperback] Min, Anchee",21/12/2020 11:00:11 GMT,PARTNER,Active,
16-1IDY-KTNJ,1785905201,Critical Times [Hardcover] Peter Brookes,07/01/2021 09:18:43 GMT,PARTNER,Active,
16-PYVT-LO1M,1445664925,"Dundee in 50 Buildings [Paperback] King, Brian",27/04/2021 19:21:46 BST,DEFAULT,Active,
1B-F2I8-VHTU,1905367104,"The Core Workout: A Definitive Guide to Swiss Ball Training for Athletes, Coaches and Fitness Professionals [Paperback] Joanne Elphinston and Paul T. Pook",10/03/2021 07:40:09 GMT,DEFAULT,Active,
1E-3X0V-34JP,1785310798,"The Penalty King: The Autobiography of Johnny Hubbard, Rangers' Star of the 1950s [Hardcover] Johnny Hubbard and David Mason",08/06/2021 15:20:24 BST,DEFAULT,Active,
1F-3KSR-Y1XO,1445611465,"The Kilmarnock Fact Book [Paperback] Beattie, Frank",07/04/2021 16:04:48 BST,DEFAULT,Active,
1P-0GLJ-3093,1788280857,"The Ghost Army: Conning the Third Reich [Paperback] Souter, Gerry and Souter, Janet",11/06/2021 08:37:01 BST,DEFAULT,Active,
1T-0JXR-FV54,99533596,"Smoking Ears and Screaming Teeth [Paperback] Norton, Trevor",30/05/2021 11:38:39 BST,DEFAULT,Active,
1T-DMTI-RCQY,224101684,"The Stairwell [Paperback] Longley, Michael",09/02/2021 10:03:12 GMT,PARTNER,Active,
1T-LWE1-56IJ,9887774642,Camo Mania: New disruptive patterns in design [Paperback] Viction Workshop,15/06/2021 09:48:17 BST,DEFAULT,Active,
1V-WE8Y-ZNE5,1848585403,Street Art From Around the World [Paperback] Garry Hunter,07/01/2021 09:19:07 GMT,PARTNER,Active,
24-68S0-1PUZ,752449966,"German Schoolboy, British Commando [Hardcover] Fry, Helen",27/04/2021 19:20:52 BST,DEFAULT,Active,
2B-8UHY-LR6X,140813134X,"Stitching Pictures: Combining Print and Mixed Media with Stitch [Paperback] Jandu, Sandeep",25/11/2020 12:59:55 GMT,PARTNER,Active,
2F-WKLO-DLOG,1783445394,"Red Riding Hood (My Favourite Fairy Tales Board Book) [Board book] Ross, Tony",17/03/2021 08:23:31 GMT,DEFAULT,Active,
2G-BTKP-NWCW,1848890346,Privilege & Poverty: The Life and Times of Irish Painter and Naturalist Alexander Williams RHA (1846-1930) [Hardcover] Gordon Ledbetter,05/03/2021 13:16:08 GMT,DEFAULT,Active,
2K-TGY7-GFZO,1906850690,Rock 'n' Roll Soccer: The Short Life and Fast Times of the North American Soccer League [Paperback] Ian Plenderleith,21/12/2020 11:59:09 GMT,PARTNER,Active,
2V-3JMB-5OTJ,747565589,"Pain: The Fifth Vital Sign [Paperback] Jackson, Marni",21/12/2020 13:28:39 GMT,PARTNER,Active,
30-5OTB-DPLA,140810587X,Practical Textiles Techniques [Paperback] Ruth Sleigh-Johnson,10/03/2021 07:17:55 GMT,DEFAULT,Active,
3B-956E-38TX,1907637516,Riis: Stages of Light and Dark [Paperback] Bjarne Riis,27/11/2020 07:26:40 GMT,PARTNER,Active,
3I-Q8RU-WOK5,99543087,Bullet Proof [Paperback] Matt Croucher GC,30/05/2021 11:18:32 BST,DEFAULT,Active,
3K-73XY-R2VD,1783445394,"Red Riding Hood (My Favourite Fairy Tales Board Book) [Board book] Ross, Tony",06/01/2021 19:10:00 GMT,PARTNER,Active,
3L-JJ03-PURG,086356528X,"Raw Memory: Prijedor, Laboratory of Ethnic Cleansing [Paperback] Wesselingh, Isabelle; Vaulerin, Arnaud and Howe, John",07/04/2021 16:06:38 BST,DEFAULT,Active,
3Q-ETEC-LKMN,099287288X,The Curious Tale of Fi-Rex [Hardcover] One Direction; Sir Paul McCartney; Take That; Jamie and Jools Oliver; Andy Murray; Kate Moss; Kylie Minogue; Bear Grylls; Wayne and Colleen Rooney; Amanda Holden; Denise Van Outen; Rod Stewart; Penny Lancaster; Ronan Keating; Leigh Francis plus many more and Julia Patton,22/11/2020 06:56:41 GMT,DEFAULT,Active,
48-PUPY-05GK,000718316X,DEMOCRACY NEEDS ARISTOCRACY [Paperback] Worsthorne,21/12/2020 11:56:13 GMT,PARTNER,Active,
4C-5S56-WR8Z,91954231,"King John: Treachery, Tyranny and the Road to Magna Carta [Hardcover] Morris, Marc",15/06/2021 09:02:21 BST,PARTNER,Active,
4E-E4CT-60IC,1787390810,"How Do You Survive a Duel? (Puzzle Books): And other mathematical diversions, puzzles and brainteasers Erwin Brecher",30/05/2021 11:19:57 BST,DEFAULT,Active,
4F-UJA5-DRLA,1909653144,The Theory & Practice of Gamesmanship: or The Art of Winning Games Without Actually Cheating [Hardcover] Stephen Potter,09/08/2021 09:14:28 BST,DEFAULT,Active,
4I-N6LM-YLBL,1785901273,The New Philistines (Provocations) [Hardcover] Sohrab Ahmari,07/01/2021 10:59:39 GMT,PARTNER,Active,
4U-HW55-9IMX,99569329,"Don't Let the Bastards Grind You Down: How One Generation of British Actors Changed the World [Paperback] Sellers, Robert",30/01/2021 09:40:52 GMT,DEFAULT,Active,
4U-M6ZE-WDCQ,99477475,"1 Out Of 10: From Downing Street Vision To Classroom Reality Hyman, Peter",23/02/2021 13:34:41 GMT,PARTNER,Active,
5F-7XAF-E4RN,91912407,Girl with a One-Track Mind: Confessions of the Seductress Next Door [Paperback] Abby Lee,18/11/2020 12:41:17 GMT,PARTNER,Active,
5M-N9ZH-7LBI,1849548145,Pitch Black: The Story of Black British Footballers [Hardcover] Emy Onuora,26/11/2020 09:51:34 GMT,PARTNER,Active,
5P-RJ5A-Y1WQ,980274281,The Story of the Fly: And How it Could Save the World Jason Drew and Justine Joseph,08/06/2021 09:24:07 BST,DEFAULT,Active,
5U-0CRK-OE4I,571251285,"The Unwinding: An Inner History of the New America [Hardcover] Packer, George",08/02/2021 16:03:40 GMT,PARTNER,Active,
5X-4J4N-QNPI,1846040434,"The Realm Beyond [Paperback] Altea, Rosemary",21/12/2020 12:01:00 GMT,PARTNER,Active,
5X-94O7-BNGQ,1788885228,"Artists' Materials: The Complete Source book of Methods and Media [Paperback] Pearce, Emma",19/08/2021 13:28:30 BST,DEFAULT,Active,
61-VRYV-4NDI,1847672930,"For Richer, For Poorer: Confessions of a Player [Paperback] Victoria Coren",05/03/2021 14:14:45 GMT,DEFAULT,Active,
64-ZRQ3-4DOC,91926963,"3 Commando Brigade [Paperback] Southby-Tailyour, Ewen",12/06/2021 09:18:30 BST,DEFAULT,Active,
67-3AUG-QSV3,1844009823,The Gentle Art of Cookery (Classic Voices in Food) [Hardcover] Mrs C.F. Leyel and Miss Olga Hartley,18/11/2020 12:34:38 GMT,PARTNER,Active,
68-U3OL-OGFN,071366410X,"Robert Stewart: Design 1946-95 [Paperback] Arthur, Liz",23/08/2021 13:47:04 BST,DEFAULT,Active,
6E-PK1E-YWO0,99598663,"Roy of the Rovers: The Official Autobiography of Roy of the Rovers [Paperback] Race, Roy",10/05/2021 14:04:28 BST,DEFAULT,Active,
6H-PFKZ-79Y9,1782194231,Chloe Sims - the Only Way is Up - My Story [Paperback] Chloe Sims,05/03/2021 14:58:22 GMT,DEFAULT,Active,
6S-YKPB-7D3M,224083252,"Twirlymen: The Unlikely History of Cricket's Greatest Spin Bowlers [Paperback] Rajan, Amol",07/04/2021 11:22:50 BST,DEFAULT,Active,
6U-0XJ5-XE71,1789500060,"The Battle of the Bulge: The Allies' Greatest Conflict on the Western Front [Paperback] King, Martin",17/03/2021 08:22:00 GMT,DEFAULT,Active,
6W-T3P2-E4Z3,224092359,"Federer and Me: A Story of Obsession Skidelsky, William",11/12/2020 17:31:27 GMT,PARTNER,Active,
70-37IO-9JUW,861661826,Unearthing Alan Moore and Mitch Jenkins,30/05/2021 11:11:03 BST,DEFAULT,Active,
79-IS9G-AVJN,99502992,Love Against All Odds [Paperback] Rosie Harris,30/05/2021 11:36:08 BST,DEFAULT,Active,
7C-NQQ4-C3R7,1847373682,"FA Confidential: Sex, Drugs and Penalties. The Inside Story of English Football Davies, David and Winter, Henry",05/03/2021 14:53:12 GMT,DEFAULT,Active,
7Q-IJ6A-EFK8,184344013X,Fast Company: How Six Master Gamblers Constantly Defy the Odds - And Always Win [Paperback] Jon Bradshaw and Nik Cohn,18/01/2021 12:38:54 GMT,DEFAULT,Active,
7X-HK5A-3IMJ,1785310461,Building the Dynasty: Manchester United 1946-1958 [Hardcover] Iain McCartney,07/06/2021 15:45:54 BST,DEFAULT,Active,
7Y-L1N4-UYEM,750928042,"The Greatest Storm: Britain's Night of Destruction, November 1703 [Hardcover] Brayne, Martin",13/02/2021 14:49:05 GMT,PARTNER,Active,
7Z-S0QM-FG9W,1848502400,"Positive Drinking: Control The Alcohol Before It Controls You Laye, Kevin",25/11/2020 12:36:30 GMT,PARTNER,Active,
84-0DFV-XU5I,224098276,"Dreamstreets: A Journey Through Britain’s Village Utopias [Hardcover] Yallop, Jacqueline",11/06/2021 08:34:31 BST,DEFAULT,Active,
8A-T6L5-Z080,233005625,"Treasures of British History: The Nation's Story Told Through Its 50 Most Important Documents [Hardcover] Snow, Peter and Snow, Dan",18/05/2021 09:30:10 BST,DEFAULT,Active,
8C-88UZ-06V9,224075101,"Jacobs Beach: The Mob, the Garden, and the Golden Age of Boxing [Hardcover] Mitchell, Kevin",30/05/2021 11:31:23 BST,DEFAULT,Active,
8C-RCE4-CT7Q,1408114135,Pool (Know the Game) British Association of Pool Table Operators,31/03/2021 08:18:35 BST,DEFAULT,Active,
8D-EX9R-49LS,178531212X,Real Roy of the Rovers Stuff!: Roy's True Story [Hardcover] Barrie Tomlinson,17/12/2020 16:18:53 GMT,PARTNER,Active,
8I-BC6B-DZC5,1781801037,"Daily Love: Growing Into Grace [Paperback] Kipp, Mastin",09/12/2020 19:42:49 GMT,PARTNER,Active,
8J-OIM0-E2Q0,91954991,"Stop Overeating: The 28-day plan to end emotional eating [Paperback] McCartney, Dr. Jane",21/12/2020 13:12:28 GMT,PARTNER,Active,
8X-2SVD-EMLW,1780910045,On the Run Around Manchester Caroline Oldfield,14/05/2021 09:14:45 BST,DEFAULT,Active,
8Y-440Z-JUJS,1842433202,Asian Horror (Kamera Books) [Paperback] Richards and Andy,21/12/2020 12:16:31 GMT,PARTNER,Active,
96-MWTR-QYVZ,230748082,The End of the Cold War: 1985-1991 [Hardcover] Robert Service,15/06/2021 09:34:08 BST,DEFAULT,Active,
9D-VHU2-T9T4,1788700295,Roger Daltrey: Thanks a lot Mr Kibblewhite: My Story [Paperback],23/03/2021 09:57:10 GMT,PARTNER,Active,
9D-X8RJ-GL1S,1633220885,"Art of Painting Sea Life in Watercolor: Master techniques for painting spectacular sea animals in watercolor (Collector's Series) [Paperback] Aaseng, Maury and Pratt, Ronald",23/03/2021 10:40:23 GMT,PARTNER,Active,
9L-KOF0-K71U,749717556,"Falling into Glory (Contents S.) Westall, Robert",05/03/2021 14:52:25 GMT,DEFAULT,Active,
A1-LDL7-3FKW,1787130320,"Of Cats and Men: Profiles of history's great cat-loving artists, writers, thinkers and statesmen [Hardcover] Sam Kalda",26/11/2020 09:28:36 GMT,PARTNER,Active,
A2-2ZHG-0GWK,190939940X,Weekly World News [Paperback] Neil McGinness,15/06/2021 09:17:56 BST,PARTNER,Active,
AF-H427-SOB4,163106116X,"Never Quit Drawing: Sketch Your Way to an Everyday Art Habit [Flexibound] Simms, Laura and Rosanes, Kerby",24/05/2021 10:04:33 BST,DEFAULT,Active,
AI-BF8V-OYF3,857532707,"Happily Never After: Modern Cautionary Tales [Hardcover] Symons, Mitchell",12/11/2020 09:55:24 GMT,PARTNER,Active,
AM-FO23-HU7A,1782438122,"Red Glory: Manchester United and Me [Hardcover] Edwards, Martin and Sellers, Robert",15/06/2021 09:29:57 BST,PARTNER,Active,
AV-4BV8-59DR,750963980,Springer Spaniels (Dogs) [Paperback] Jenny MacKendrick,21/12/2020 14:21:06 GMT,PARTNER,Active,
B9-86A3-JGN8,571190626,"Secret Muses: The Life of Frederick Ashton [Paperback] Kavanagh, Julie",21/12/2020 13:12:59 GMT,PARTNER,Active,
B9-JX9Q-QWG4,1847771939,Place [Paperback] Jorie Graham,18/03/2021 10:33:02 GMT,DEFAULT,Active,
BC-MB2U-XAW6,571290329,"Secrets of the Conqueror: The Untold Story of Britain's Most Famous Submarine [Hardcover] Prebble, Stuart",16/08/2021 08:52:21 BST,DEFAULT,Active,
BC-Q6EC-SVQZ,1905367597,"Recognise Yourself: Beauty Despite Cancer: A practical guide to maintaining your appearance and well-being as you go through surgery, chemotherapy, radiotherapy, or experience hair loss [Paperback] Jennifer Young",23/08/2021 13:50:19 BST,DEFAULT,Active,
BS-84T8-VLIJ,1789500060,"The Battle of the Bulge: The Allies' Greatest Conflict on the Western Front [Paperback] King, Martin",11/06/2021 08:31:15 BST,DEFAULT,Active,
BU-2A9J-08P8,9887774642,Camo Mania: New disruptive patterns in design [Paperback] Viction Workshop,09/08/2021 08:34:13 BST,PARTNER,Active,
BV-WJXV-2KIH,1445482800,Beginners Visual Step by Step Cookbook(Love Food) (Beginners Step-By-Step) Parragon Books and Love Food Editors,11/06/2021 08:39:04 BST,DEFAULT,Active,
BZ-3U19-AXTP,7375220,"The God Species: How Humans Really Can Save the Planet... [Paperback] Lynas, Mark",10/11/2020 08:52:17 GMT,DEFAULT,Active,
C0-R3EY-4M9B,1907532242,"Steamy Sex: The Sex Doctor's Guide to Keeping it Hot [Paperback] Spurr, Pam",07/04/2021 16:05:21 BST,DEFAULT,Active,
C5-XLRK-EAD9,563522720,"Gastronaut [Hardcover] Gates, Stefan",30/05/2021 11:24:47 BST,DEFAULT,Active,
C7-GFMX-CSBE,571272193,"TV Go Home [Paperback] Brooker, Charlie",08/02/2021 16:25:17 GMT,PARTNER,Active,
CB-DELN-0CGJ,1781311625,"Greasepaint and Cordite: How ENSA Entertained the Troops During World War II [Paperback] Merriman, Andy",11/03/2021 14:00:01 GMT,DEFAULT,Active,
CD-J1LD-1KUF,571250599,"Afterglow of Creation: Decoding the message from the beginning of time [Paperback] Chown, Marcus",21/12/2020 12:05:09 GMT,PARTNER,Active,
CI-009W-7JGK,720612314,"Paul and Virginia [Paperback] Bernardin, Jacques-Henri",12/11/2020 09:50:53 GMT,PARTNER,Active,
CI-86M9-ANHJ,144630258X,"Introduction to Wedding Photography: A Guide to Photographing the Big Day Yabsley, Lorna",07/06/2021 15:42:59 BST,DEFAULT,Active,
CP-EBNC-99HK,034911952X,Consider The Lobster: And Other Essays: Essays and Arguments [Paperback] David Foster Wallace,16/02/2021 09:02:55 GMT,PARTNER,Active,
CZ-WM9Z-0VOR,1784287598,Felt Decorations [Paperback] Rachel Beyer,07/01/2021 10:50:38 GMT,PARTNER,Active,
D3-FPFB-8BLJ,1785658638,Vengeful [Paperback] V. E. Schwab,16/02/2021 08:21:59 GMT,DEFAULT,Active,
D5-X3N0-BN1Z,752465627,Sailors in the Dock: Naval Courts Martial Down the Centuries [Hardcover] Peter C. Smith,08/02/2021 16:20:45 GMT,PARTNER,Active,
D6-H5EX-MNPM,1910254479,"Upcycling: 20 Creative Projects Made from Reclaimed Materials [Hardcover] McMurdo, Max and Brown, Simon",15/06/2021 09:32:26 BST,PARTNER,Active,
DI-B8P1-HZ8K,349111111,"Freedom In Exile: The Autobiography of the Dalai Lama of Tibet [Paperback] Lama, His Holiness The Dalai",16/02/2021 08:38:55 GMT,PARTNER,Active,
DS-RSIR-CJVE,720611059,"Window in the Corner, The: A Half Century of Children's Television [Paperback] Inglis, Ruth",07/06/2021 15:41:42 BST,DEFAULT,Active,
DT-W3DT-YIZB,241248388,"The Lunchbox Book: More than 90 Easy Recipes for a Delicious Break [Hardcover] Dimitriadis, Katerina",28/06/2021 08:41:03 BST,DEFAULT,Active,
DZ-EPLX-EVUN,753522365,"Future Babble: Why Expert Predictions Fail and Why We Believe them Anyway [Paperback] Gardner, Dan",12/11/2020 08:59:16 GMT,PARTNER,Active,
E2-HUUX-Z3I7,000718316X,DEMOCRACY NEEDS ARISTOCRACY [Paperback] Worsthorne,18/03/2021 10:36:53 GMT,DEFAULT,Active,
EE-2YC2-ZJW1,745329276,"Ricin!: The Inside Story of the Terror Plot that Never Was [Paperback] Archer, Lawrence",31/03/2021 08:18:05 BST,DEFAULT,Active,
EE-RZR0-G0NL,B08LQSYZYT,Sass & Belle Forest Folk A5 Notebook,16/02/2021 09:50:54 GMT,PARTNER,Active,
EG-WJ4B-6KEP,1848502567,"Right Time Baby: The Complete Guide to Later Motherhood [Paperback] Spahr, Claudia",24/02/2021 13:21:11 GMT,DEFAULT,Active,
EI-RSNX-VCLC,1849904324,"Easy Cook: Express: Over 100 Quick Recipes for Busy People (Easy Cook Cookbook) [Paperback] Giles, Sarah",13/07/2021 09:48:22 BST,DEFAULT,Active,
EL-2QKI-7LLN,1906502153,"Hornchurch Offensive: A Definitive Account of the RAF Fighter Airfield, Its Pilots, Groundcrew and Staff, 1941-1962: The Definitive Account of the RAF ... Its Pilots, Groundcrew and Staff, 1941-1962 [Paperback] Richard C. Smith",21/12/2020 10:54:37 GMT,PARTNER,Active,
ET-GJIR-EULW,1401915647,"Past, Present And Future: What Your Past Lives Tell You About Yourself: What Your Past Lives Tell You about Yourself. David Wells Wells, David",21/12/2020 11:42:24 GMT,PARTNER,Active,
FC-T2BA-UH8B,857385771,"America's Mistress: Eartha Kitt, Her Life and Times [Paperback] Williams, John L.",16/02/2021 08:37:24 GMT,PARTNER,Active,
FG-JA63-EVJX,009951365X,"The Pursuit [Paperback] Smalley, Peter",09/12/2020 19:40:38 GMT,PARTNER,Active,
FQ-5OT9-OG29,1445676060,"Historic England: Bath: Unique Images from the Archives of Historic England [Paperback] McNeill-Ritchie, Simon and Historic England",28/01/2021 16:05:57 GMT,DEFAULT,Active,
FW-6NEQ-WD0O,752447513,Tom Cribb: The Life of the Black Diamond [Hardcover] Jon Hurley,09/02/2021 11:48:21 GMT,PARTNER,Active,
GB-1TE0-H32I,571234798,"Trickster Travels: A Sixteenth-Century Muslim Between Worlds [Paperback] Davis, Natalie Zemon",21/12/2020 11:12:25 GMT,PARTNER,Active,
GG-GEKE-QIAW,99440733,"The Book Of Colour: A Family Memoir [Paperback] Blackburn, Julia",21/12/2020 11:13:22 GMT,PARTNER,Active,
GM-RQ1L-8VF7,715332023,"Ghost Caught on Film 2 [Hardcover] Eaton, Jim",22/03/2021 10:55:38 GMT,DEFAULT,Active,
GT-X3VL-P6XO,352345268,"Going Too Far [Paperback] Hamilton, Laura",10/05/2021 14:03:49 BST,DEFAULT,Active,
HE-8QGY-OBF8,99538032,"Narcomania: How Britain Got Hooked On Drugs [Paperback] Daly, Max and Sampson, Steve",21/12/2020 10:55:03 GMT,PARTNER,Active,
HG-UVW8-2M8B,1909178705,"Grobar: Partizan Pleasure, Pain and Paranoia: Lifting the Lid on Serbia's Undertakers [Paperback] James Moor",15/06/2021 09:13:32 BST,PARTNER,Active,
HH-2XHR-EF5E,713684860,"Jiu Jitsu for All: Brown Belt to Black Belt Walker, David",21/12/2020 13:30:28 GMT,PARTNER,Active,
HT-2X2H-Z37O,1845433769,"The Surfing Handbook: The Complete Guide to Mastering Waves [Hardcover] Marcus, Ben",07/04/2021 16:00:47 BST,DEFAULT,Active,
HU-FTB7-LUST,1840116471,Sometimes... [Hardcover] Emma Dodd,23/03/2021 09:58:12 GMT,PARTNER,Active,
HW-7I0W-BK5Q,1405394331,"Britain from Above Month by Month [Hardcover] Hawkes, Jason",15/06/2021 09:28:28 BST,DEFAULT,Active,
HX-5C61-8JAM,708320317,Cornwall (University of Wales Press - Histories of Europe) (The Histories of Europe) Bernard W. Deacon,21/12/2020 11:07:51 GMT,PARTNER,Active,
I0-IHCG-2MF7,571243037,"Different Drummer: The Life of Kenneth MacMillan [Paperback] Parry, Jann",11/05/2021 10:03:30 BST,DEFAULT,Active,
I7-YVSI-W5WK,1845436024,"Animal Knits for Kids [Flexibound] Berry, Amanda",15/06/2021 09:29:33 BST,DEFAULT,Active,
IE-O1Q3-ILCQ,1787132536,First Knits: 20 Irresistible Hand Knits for Babies [Paperback] Debbie Bliss,10/12/2020 15:49:49 GMT,PARTNER,Active,
IE-QZEN-D0Z0,857621475,"Complete Watercolour [Hardcover] Webb, David",14/04/2021 09:22:51 BST,PARTNER,Active,
IO-MO7B-RB9B,1788639685,New Beginnings At Glendale Hall [Paperback] Victoria Walters,16/02/2021 08:34:22 GMT,PARTNER,Active,
IO-UA5P-7EQV,753821486,"Voyageur: Across the Rocky Mountains in a Birchbark Canoe (The Hungry Student) Twigger, Robert",29/12/2020 07:53:52 GMT,DEFAULT,Active,
IQ-A4S8-REIN,1857703405,Natural Kent [Paperback] Brynmor Green,08/04/2021 11:43:40 BST,DEFAULT,Active,
IV-24QR-DONB,701173343,"Memoirs Of A Pet Lamb [Hardcover] Sylvester, David",05/03/2021 14:56:08 GMT,DEFAULT,Active,
J2-34M4-Q2FT,1788284801,Drawing Figures: A Practical Course for Artists [Paperback] Barrington Barber,19/08/2021 13:27:49 BST,DEFAULT,Active,
J2-CZLA-3U4U,1592539246,"20 Ways to Draw a Doodle and 44 Other Zigzags, Hearts, Spirals, and Teardrops: A Sketchbook for Artists, Designers, and Doodlers [Paperback] Taylor, Rachael",15/06/2021 09:41:00 BST,PARTNER,Active,
J9-2GA6-AFAR,1842709011,"The Snow Queen [Paperback] Andersen, Hans Christian and Lynch, P J",07/01/2021 09:16:40 GMT,PARTNER,Active,
JC-82FJ-F1Z4,075243750X,"Wembley Speedway: The Pre-War Years [Paperback] Lipscombe, Peter",09/02/2021 09:53:16 GMT,PARTNER,Active,
JF-7C7C-SK4Y,1781574243,"National Gallery Dot-To-Dot: Great Paintings [Paperback] National Gallery and Protopapa, Francesca",16/02/2021 08:47:17 GMT,PARTNER,Active,
JO-0UZ7-7I3P,349418039,"An Easy Death: the Gunnie Rose series [Paperback] Harris, Charlaine",16/02/2021 08:45:03 GMT,PARTNER,Active,
K0-WXFV-XIXA,753512106,"Peter Alliss' Golf Heroes [Paperback] Alliss, Peter",03/12/2020 13:26:08 GMT,PARTNER,Active,
KH-473Y-LN3L,752449044,Glamour in the Skies: The Golden Age of the Air Stewardess [Hardcover] Libbie Escolme-Schmidt,16/03/2021 08:38:41 GMT,DEFAULT,Active,
KI-2ZTG-8F3X,571251676,"Red Tory: How Left and Right have Broken Britain and How we can Fix It [Paperback] Blond, Phillip",26/11/2020 09:25:32 GMT,PARTNER,Active,
KJ-YEMT-HKAM,1907637095,We're the Famous Man United - Old Trafford in the '80s: The Players' Stories Andy Mitten,21/12/2020 10:53:30 GMT,PARTNER,Active,
KK-54HD-10OG,857832573,"The Camping Cookbook [Paperback] Bell, Annie",11/07/2021 10:14:41 BST,DEFAULT,Active,
KK-NE8X-EBEX,1445638614,"Oldham Athletic A Pictorial History [Paperback] Bugby, Tony and Royle, Joe",26/11/2020 09:27:59 GMT,PARTNER,Active,
KP-1ARY-7U8U,752455125,James Fitzjames: The Mystery Man of the Franklin Expedition [Hardcover] T.W. Battersby,26/11/2020 09:49:23 GMT,PARTNER,Active,
KS-VGMA-U3IH,1452101418,"Craft, Inc. Revised Edition pb Ilasco",07/04/2021 16:04:13 BST,DEFAULT,Active,
L4-13UO-8GRZ,1780388802,"The Beatles in America: The Stories, The Scene, 50 Years On [Hardcover] Spencer Leigh",16/02/2021 08:50:09 GMT,PARTNER,Active,
L8-ZH1R-871B,1848502400,"Positive Drinking: Control The Alcohol Before It Controls You Laye, Kevin",14/06/2021 08:55:16 BST,DEFAULT,Active,
L9-RF8B-WGMM,1781801789,"Secret Female Hormone, The: How Testosterone Replacement Can Change Your Life [Paperback] Maupin M.D, Kathy C.",18/03/2021 10:38:06 GMT,DEFAULT,Active,
LB-RM05-O49B,99551055,Dead Set (Di January David) [Paperback] Will Carver,17/03/2021 10:11:57 GMT,DEFAULT,Active,
LE-TQY9-HZZB,178352037X,"The No.9 Bus to Utopia: How one man's extraordinary journey led to a quiet revolution [Paperback] Bramwell, David",18/03/2021 10:34:20 GMT,DEFAULT,Active,
LF-ODO0-DNBT,91778379,"Michael Langford's 35mm Handbook: The Problem-Solving Book for Every Photographic Situation [Paperback] Langford, Michael",21/12/2020 11:07:13 GMT,PARTNER,Active,
LH-5B6V-NU6U,1907637575,MOZ [Hardcover] Adrian Morley,25/11/2020 12:34:12 GMT,PARTNER,Active,
LM-QINW-V05Y,1847390056,"Life on Mars Adams, Guy and Thompson, Lee",02/01/2021 16:15:14 GMT,PARTNER,Active,
M4-VQ1H-X7DO,1849499586,"Ice Kitchen: Poptails: 50 Sensationally Intoxicating Cocktail Lollies [Hardcover] Roden, Nadia and Roden, Cesar",15/06/2021 09:05:10 BST,PARTNER,Active,
M5-IS5N-QMEI,B085LMMNXC,Sass & Belle Busy Bees A5 Notebook,16/02/2021 09:50:19 GMT,PARTNER,Active,
MJ-IGA4-D4Q5,713688092,Practical Printmaking [Paperback] Colin Gale,11/06/2021 08:39:49 BST,DEFAULT,Active,
MO-1W3M-D31C,1604695498,"Aromatherapy Garden, The: Growing Fragrant Plants for Happiness and Well-Being [Paperback] Keville, Kathi",05/01/2021 13:16:00 GMT,PARTNER,Active,
MU-P6UW-YOLU,857074474,"Supertato [Paperback] Hendra, Sue and Linnet, Paul",30/05/2021 11:44:15 BST,DEFAULT,Active,
MX-297N-5J03,1909178330,"Can't Sleep, Can't Train, Can't Stop: More Misadventures in Triathlon [Paperback] Andy Holgate",30/05/2021 11:13:33 BST,DEFAULT,Active,
N1-V0LV-FH6Z,1905156847,Henry Cecil: Trainer of Genius [Hardcover] Brough Scott,07/06/2021 15:44:11 BST,DEFAULT,Active,
N5-YYZ5-SLEW,752449842,Soldiers of the Queen: Victorian Colonial Conflict in the Words of those who Fought [Hardcover] Stephen Manning,17/12/2020 16:20:55 GMT,PARTNER,Active,
N6-VUC2-S79B,352347260,"Undone (Black Lace) [Paperback] Lloyd, Kristina",09/02/2021 10:11:56 GMT,PARTNER,Active,
NG-J167-KLDH,1788400275,"The Sex Pistols - 1977: The Bollocks Diaries [Hardcover] Pistols, the Sex",10/06/2021 08:37:41 BST,DEFAULT,Active,
NS-UY11-23CF,1842700839,"War And Peas: 1 Foreman, Michael",23/03/2021 08:04:08 GMT,DEFAULT,Active,
NX-PVN8-5A6R,9654941287,"Biochemical Key: A Practical Way to Control Your Weight, Advice and Recipes [Paperback] Barbara Schipper-Bergstein",10/11/2020 08:48:17 GMT,DEFAULT,Active,
O0-3N6H-E92C,752455125,James Fitzjames: The Mystery Man of the Franklin Expedition [Hardcover] T.W. Battersby,27/03/2021 16:15:07 GMT,DEFAULT,Active,
O3-T0NA-M90M,1849161739,The Prometheans: John Martin and the Generation That Stole the Future [Paperback] Max Adams,27/11/2020 07:22:06 GMT,PARTNER,Active,
O6-SHXT-MG2R,749954973,"A Woman Unknown: Book 4 in the Kate Shackleton mysteries [Paperback] Brody, Frances",16/02/2021 08:33:53 GMT,PARTNER,Active,
O9-CG82-1EF4,1847737528,Fun with Stitching: 35 Cute Sewing Projects to Turn Everyday Items into Works of Art [Paperback] Fiona Goble,13/07/2021 09:44:59 BST,DEFAULT,Active,
OA-9R8B-BRYA,1787132560,"Crafted: A compendium of crafts - new, old and forgotten [Hardcover] Sally Coulthard",07/07/2021 09:35:37 BST,PARTNER,Active,
OA-HYTR-GV8U,1848501439,The Man Who Drove With His Eyes Closed [Paperback] Barefoot Doctor,07/04/2021 14:38:30 BST,DEFAULT,Active,
OG-2HKH-N9TY,1789509645,"Life Under Nazi Occupation: The Struggle to Survive During World War II [Paperback] Roland, Paul",18/05/2021 09:29:39 BST,DEFAULT,Active,
OJ-KKXA-EJO2,1576878600,"Jonathan Olivares Selected Works [Hardcover] Olivares, Jonathan",15/06/2021 09:15:12 BST,DEFAULT,Active,
OO-4WZY-3FVI,1445676060,"Historic England: Bath: Unique Images from the Archives of Historic England [Paperback] McNeill-Ritchie, Simon and Historic England",03/02/2021 11:23:00 GMT,PARTNER,Active,
OP-CRVJ-RCFX,1592334415,"The Complete Guide to Vegan Food Substitutions: Veganize It! Foolproof Methods for Transforming Any Dish into a Delicious New Vegan Favorite [Paperback] Steen, Celine and Newman, Joni Marie",25/03/2021 08:16:18 GMT,PARTNER,Active,
OP-VXI0-BEXK,1861540507,"Fax You: Urgent Images, the Graphic Language of the Fax [Paperback] Farrelly, Liz and Booth-Clibborn, Edward",09/02/2021 12:36:57 GMT,PARTNER,Active,
OT-OZRK-E865,1445657872,"Birmingham's Front Line: True Police Stories [Paperback] Layton, Michael",05/01/2021 13:16:29 GMT,PARTNER,Active,
P2-HJ58-AWN7,1785310496,"It's Mick, Not Mike: The Autobiography of Mick Duxbury [Hardcover] Micky Duxbury and Wayne Barton",25/11/2020 12:33:35 GMT,PARTNER,Active,
P3-TCTN-X358,1848500181,"The Secret Pleasures of Menopause [Paperback] Christiane, Northrup",26/11/2020 09:55:41 GMT,PARTNER,Active,
P4-NVKG-QKOQ,1445675609,"Der Kapitan: U-Boat Ace Hans Rose [Hardcover] Robinson, Markus F. and Robinson, Gertrude J.",07/01/2021 09:25:59 GMT,PARTNER,Active,
P9-NZRL-M2CM,750938293,The Longest Journey : The Inside Story of Sussex's Championship Triumph [Hardcover] Paul Weaver and Bruce Talbot,06/12/2020 09:05:01 GMT,DEFAULT,Active,
PB-RZM7-XJ47,1905736320,High Tea in Mosul: The true story of two Englishwomen in war-torn Iraq Lynne O'Donnell,05/03/2021 15:57:18 GMT,DEFAULT,Active,
PK-K6LU-WSEJ,1472520696,Williams Plays: 4: 4: Sucker Punch; Category B; Joe Guy; Baby Girl; There's Only One Wayne Matthews (Contemporary Dramatists) [Paperback] Roy Williams,01/03/2021 07:50:43 GMT,DEFAULT,Active,
PN-K5V9-L1AD,1847809472,Sticker Art Woodland [Paperback] Natural History Museum and Craig & Karl,24/05/2021 10:05:28 BST,DEFAULT,Active,
Q5-0MJE-NS2H,1848102313,100 Facts Endangered Animals – Bitesized Facts & Awesome Images to Support KS2 Learning [Paperback] Miles Kelly Publishing Ltd and Steve Parker,22/02/2021 08:29:22 GMT,PARTNER,Active,
Q7-MCRG-VQDQ,747596034,"Red Azalea [Paperback] Min, Anchee",22/03/2021 09:50:25 GMT,DEFAULT,Active,
QN-LC81-9XNU,1847960367,"Ugly: The Aesthetics of Everything [Hardcover] Bayley, Stephen",09/02/2021 09:54:41 GMT,PARTNER,Active,
QP-5W7Q-P6AK,750967293,"The Kitchener Enigma: The Life and Death of Lord Kitchener of Khartoum, 1850-1916 [Hardcover] Trevor Royle",15/06/2021 09:34:36 BST,DEFAULT,Active,
QQ-CNHK-VN3G,1905367597,"Recognise Yourself: Beauty Despite Cancer: A practical guide to maintaining your appearance and well-being as you go through surgery, chemotherapy, radiotherapy, or experience hair loss [Paperback] Jennifer Young",26/11/2020 09:55:15 GMT,PARTNER,Active,
QT-E2I2-1IDG,1909178446,The Great English Final [Hardcover] David Tossell,05/01/2021 13:30:54 GMT,PARTNER,Active,
QW-MFQR-ELJD,163159060X,"Rubber Band Glam: A Rainbow of Dazzling Beaded Designs for Bracelets, Accessories, and More - Interactive! Includes QR codes to project videos! [Paperback] Friedrichsen-Truman, Christina; Truman, Emily and Truman, Madeline",07/04/2021 16:03:41 BST,DEFAULT,Active,
QZ-KR4A-XB2L,1909342807,"Shed Decor: How to Decorate and Furnish your Favourite Garden Room [Hardcover] Coulthard, Sally",11/06/2021 09:56:15 BST,DEFAULT,Active,
R5-HWOE-DRVJ,349008949,The Wind in My Hair: My Fight for Freedom in Modern Iran Masih Alinejad,16/02/2021 08:43:02 GMT,PARTNER,Active,
R8-KUHB-YDYW,91953634,"Ex-Patriots (Ex-Heroes) [Paperback] Clines, Peter",09/02/2021 10:01:45 GMT,PARTNER,Active,
RE-0CVB-WELU,1785310119,Sex & Drugs & Rebel Tours: The England Cricket Team in the 1980s [Hardcover] David Tossell,26/11/2020 09:48:16 GMT,PARTNER,Active,
RG-S82F-7D4G,745332765,The Making and Unmaking of a Zionist: A Personal and Political Journey [Hardcover] Antony Lerman,09/02/2021 10:12:19 GMT,PARTNER,Active,
RU-YV5B-LOJP,1787130983,Tiny Histories: Trivial events and trifling decisions that changed British history [Hardcover] Dixe Wills,24/02/2021 13:44:56 GMT,PARTNER,Active,
SA-48T1-BBP9,1472127862,Heads Up: My Life Story [Hardcover] Alan Smith,16/02/2021 08:42:14 GMT,PARTNER,Active,
SA-DXES-3YVK,1911445200,"The Tinfish Run: 1 (The Tinfish Series) Bassett, Ronald",09/02/2021 10:03:40 GMT,PARTNER,Active,
SD-4TCD-RUYR,1471159248,"The Gamekeeper [Hardcover] Simpson, Portia",23/03/2021 09:59:55 GMT,PARTNER,Active,
SH-2A1J-7FXQ,91954991,"Stop Overeating: The 28-day plan to end emotional eating [Paperback] McCartney, Dr. Jane",28/12/2020 14:45:34 GMT,DEFAULT,Active,
ST-3UVC-89QC,1785653571,Exiles of Valdemar: (A Valdemar Omnibus) [Paperback] Mercedes Lackey,24/02/2021 10:14:59 GMT,DEFAULT,Active,
T1-0T5L-87IP,1784046574,Inspiring Zentangle Projects [Paperback] Jane Marbaix,07/01/2021 09:17:18 GMT,PARTNER,Active,
T1-25C6-OYBH,861661842,"From Hell Companion, The [Paperback] Alan Moore and Eddie Campbell",18/11/2020 12:37:45 GMT,PARTNER,Active,
T7-QIC7-6SE9,1781311862,"Brew Britannia: The Strange Rebirth of British Beer [Paperback] Boak, Jessica and Bailey, Ray",30/05/2021 11:34:29 BST,DEFAULT,Active,
T8-L45Q-V32V,1849543755,The Odd Couple: The curious friendship between Kingsley Amis and Philip Larkin [Hardcover] Richard Bradford,03/12/2020 13:23:31 GMT,PARTNER,Active,
TB-P8BT-O3G1,074533203X,"Complacency and Collusion: A Critical Introduction to Business and Financial Journalism [Paperback] Butterick, Keith J.",07/04/2021 16:07:13 BST,DEFAULT,Active,
TH-1XVL-CFW8,1785904884,Punch & Judy Politics: An Insiders' Guide to Prime Minister's Questions [Paperback] Ayesha Hazarika and Tom Hamilton,15/06/2021 09:12:03 BST,PARTNER,Active,
TT-ILER-HD29,571270093,"Enough is Enough: How to Build a New Republic [Paperback] O'Toole, Fintan",18/11/2020 12:42:26 GMT,PARTNER,Active,
TU-HHR7-YYKE,1909626368,"Punk Football: The Rise of Fan Ownership in English Football [Paperback] Keoghan, Jim",03/12/2020 13:20:15 GMT,PARTNER,Active,
UC-XLUM-IKF9,1445661640,"Her Finest Hour: The Heroic Life of Diana Rowden, Wartime Secret Agent [Hardcover] McDonald-Rothwell, Gabrielle",15/06/2021 09:21:01 BST,DEFAULT,Active,
UL-H677-VB92,1472901800,101 Team Handball (101 Drills) [Paperback] Felicia Lidia Radu and Beatrice Aurelia Abalasei,21/12/2020 13:17:18 GMT,PARTNER,Active,
UT-CTXS-P2Q5,1906509298,"Sarah Raphael [Hardcover] Packer, William",23/08/2021 13:45:22 BST,DEFAULT,Active,
UU-9D6O-SCDV,451496566,"Color Me Jane: A Jane Austen Adult Coloring Book [Paperback] Oakley, Jacqui",22/03/2021 09:57:50 GMT,DEFAULT,Active,
VB-00ER-JB7Y,178352104X,"Ta-Ra-Ra-Boom-De-Ay: The dodgy business of popular music [Paperback] Napier-Bell, Simon",21/12/2020 11:46:31 GMT,PARTNER,Active,
VD-NNEY-XQP6,1901250547,"The Science of Love [Paperback] Wilson, Glenn D. and McLaughlin, Chris",09/02/2021 09:54:05 GMT,PARTNER,Active,
VI-54OW-354I,810996154,"Saxophone Colossus Blumenthal, Bob and Abbott, John",27/11/2020 07:35:36 GMT,PARTNER,Active,
VL-M0ZV-Q0YU,1909471534,Strictly Classified: Insights into the Trainer's Mind [Hardcover] Marten Julian,30/05/2021 11:40:04 BST,DEFAULT,Active,
VR-OYZM-I6AF,711033420,Tunnel Vision Ken Cordner,15/06/2021 09:06:08 BST,PARTNER,Active,
VS-5O49-S9RV,745327842,"The European Union and Turkish Accession: Human Rights and the Kurds [Paperback] Yildiz, Kerim and Muller, Mark",02/04/2021 08:46:30 BST,DEFAULT,Active,
W0-A6QU-Y4P3,224098306,"Other People's Countries: A Journey into Memory [Hardcover] McGuinness, Patrick",13/02/2021 14:49:36 GMT,PARTNER,Active,
W2-MV5G-ROUI,184954462X,The Meat Fix: How A Lifetime of Healthy Eating Nearly Killed Me [Paperback] John Nicholson,21/12/2020 14:21:28 GMT,PARTNER,Active,
W3-YIVK-ILUB,276444019,The 1970s: Flower Power to Union Power (Looking Back at Britain) Reader's Digest,03/12/2020 13:27:17 GMT,PARTNER,Active,
WE-OE7E-TS3R,184901499X,Gently By the Shore (Inspector George Gently 2) [Paperback] Alan Hunter,16/02/2021 08:54:22 GMT,PARTNER,Active,
WE-TL0G-32UE,1842709488,"Millie's Marvellous Hat [Paperback] Kitamura, Satoshi",06/01/2021 19:02:29 GMT,PARTNER,Active,
WJ-9RVT-T83A,184794132X,"The Second Curve: Thoughts on Reinventing Society [Hardcover] Handy, Charles",23/02/2021 13:40:24 GMT,PARTNER,Active,
WJ-ZWF2-KVAG,000729915X,"Consumed [Hardcover] Cronenberg, David",17/03/2021 10:11:09 GMT,DEFAULT,Active,
WN-CTCI-H5NZ,91885787,Clubland Confidential Frank Owen,25/08/2021 09:55:02 BST,DEFAULT,Active,
WP-C47Q-MQE3,752421697,Another Day at the Office: The Roger Freestone Story [Paperback] Keith Haynes and Phil Sumbler,07/05/2021 14:39:10 BST,DEFAULT,Active,
WQ-1ESJ-VX4G,752441361,Edmund Gosse [Paperback] Thwaite,16/08/2021 08:53:29 BST,DEFAULT,Active,
WR-NY9G-0KFD,571226256,"Digital Film-Making [Paperback] Figgis, Mike",21/12/2020 10:56:44 GMT,PARTNER,Active,
WT-SXG8-9W2E,1905745168,Confessions of a Showman: My Life in the Circus Gerry Cottle and Helen Batten,13/02/2021 14:51:05 GMT,PARTNER,Active,
WV-OHEQ-2FFO,263253449,Mind Over Matter [Paperback] Nora Roberts,30/05/2021 11:14:48 BST,DEFAULT,Active,
WZ-B1RX-DH91,1473858844,Images of the Past: Coal Mine Disasters in the Modern Era c. 1900 - 1980 [Paperback] Brian Elliott,22/12/2020 11:59:35 GMT,PARTNER,Active,
X4-7HRQ-FW9H,352335882,"Stella Does Hollywood (Black Lace) [Mass Market Paperback] Black, Stella",18/03/2021 10:35:17 GMT,DEFAULT,Active,
X7-LYTW-968Z,857836226,"The Diabetes Weight-Loss Cookbook: A life-changing diet to prevent and reverse type 2 diabetes [Hardcover] Caldesi, Katie; Caldesi, Giancarlo and Unwin, Dr David",18/08/2021 15:45:28 BST,DEFAULT,Active,
XB-G5HE-3MB6,571196969,"Planet of the Blind [Paperback] Kuusisto, Stephen",21/12/2020 11:58:38 GMT,PARTNER,Active,
XI-RTKF-FEO5,145212597X,"50 Ways to Wear a Scarf [Hardcover] Friedman, Lauren",07/07/2021 09:43:52 BST,PARTNER,Active,
XN-PUTX-HSOH,1910500879,"Disputed Earth: Geology and Trench Warfare on the Western Front 1914–18 [Paperback] Doyle, Peter",17/11/2020 08:03:52 GMT,PARTNER,Active,
XR-669I-IDBK,1905156847,Henry Cecil: Trainer of Genius [Hardcover] Brough Scott,26/11/2020 09:36:58 GMT,PARTNER,Active,
XS-JU3W-H7H5,571290019,"Madame Zero: stories [Paperback] Hall, Sarah",17/11/2020 08:02:39 GMT,PARTNER,Active,
XS-SPAU-IT37,241248388,"The Lunchbox Book: More than 90 Easy Recipes for a Delicious Break [Hardcover] Dimitriadis, Katerina",23/03/2021 09:59:01 GMT,PARTNER,Active,
XU-2I5R-JKJ8,1843175789,"The Devil's Graveyard: 3 (The Bourbon Kid Trilogy) [Paperback] Anonymous, .",16/05/2021 10:46:59 BST,DEFAULT,Active,
XY-TT2A-MN87,826431399,"The De-Cluttered School: How to Create a Cleaner, Calmer and Greener Learning Environment [Paperback] Anderson, Jane C.",30/05/2021 11:35:13 BST,DEFAULT,Active,
XY-XJIO-WK4J,552778001,"Don't Sweat the Aubergine: What Works in the Kitchen and Why [Paperback] Clee, Nicholas",21/12/2020 11:12:52 GMT,PARTNER,Active,
Y0-L60Y-6NLN,1908041323,Why Willows Weep: Contemporary Tales from the Woods [Paperback] Various; Tracy Chevalier and Leanne Shapton,21/12/2020 10:51:32 GMT,PARTNER,Active,
Y3-XH5Y-MERB,857331787,Rivals: Newcastle United vs Sunderland - Classic Tyne and Wear Derby Games [Paperback] Paul Days,27/11/2020 07:27:25 GMT,PARTNER,Active,
YH-F25Y-4KH9,451496566,"Color Me Jane: A Jane Austen Adult Coloring Book [Paperback] Oakley, Jacqui",25/01/2021 08:43:18 GMT,PARTNER,Active,
YV-AGDE-D40D,224100025,"Night Games: Sex, Power and a Journey into the Dark Heart of Sport [Paperback] Krien, Anna",22/06/2021 11:25:13 BST,DEFAULT,Active,
Z4-U4B3-5SM6,745332765,The Making and Unmaking of a Zionist: A Personal and Political Journey [Hardcover] Antony Lerman,23/08/2021 13:49:35 BST,DEFAULT,Active,
Z6-0BJ1-G7AI,1783444193,"The Prince and the Porker [Paperback] Bently, Peter and Roberts, David",06/01/2021 19:03:12 GMT,PARTNER,Active,
Z6-SHW6-D3RL,1849547130,"Xavier: A British Secret Agent With The French Resistance: The Story of Richard Heslop, One of SOE's Greatest Agents [Paperback] Richard Heslop",08/02/2021 16:03:02 GMT,PARTNER,Active,
Z6-T7UK-S7OG,1782436634,Star Trek: Redshirt's Little Book of Doom [Hardcover] Various,30/05/2021 11:29:49 BST,DEFAULT,Active,
ZC-XNTW-K1US,745327842,"The European Union and Turkish Accession: Human Rights and the Kurds [Paperback] Yildiz, Kerim and Muller, Mark",05/04/2021 12:58:43 BST,DEFAULT,Active,
ZF-EOUY-XBL9,593065778,"No Expenses Spared [Hardcover] Winnett, Robert and Rayner, Gordon",09/02/2021 11:49:15 GMT,PARTNER,Active,
ZO-SQH3-HEN4,1848505914,"How I Said Bah! to Cancer: A Guide to Thinking, Laughing, Living and Dancing Your Way Through [Paperback] Butland, Stephanie",10/03/2021 11:39:16 GMT,DEFAULT,Active,
ZP-2TVE-7LX1,8193495,"In the Darkroom Faludi, Susan",15/06/2021 09:21:34 BST,DEFAULT,Active,
ZR-P3UT-T0LP,1911171429,Under the Canopy: Tales of Trees: Trees around the World: 1 [Hardcover] Iris Volant and Cynthia Alonso,20/05/2021 14:42:31 BST,DEFAULT,Active,
A4-F7U4-DYOT,857836226,"The Diabetes Weight-Loss Cookbook: A life-changing diet to prevent and reverse type 2 diabetes [Hardcover] Caldesi, Katie; Caldesi, Giancarlo and Unwin, Dr David",07/07/2021 09:37:58 BST,PARTNER,Inactive,
FQ-CGXU-NQ0K,1909471585,Andrew Nicholson: Focused [Flexibound] Andrew Nicholson,09/12/2020 19:47:35 GMT,PARTNER,Inactive,
HN-37QI-AGR1,352341963,"Indecent Pursuit (Nexus) [Mass Market Paperback] Gordon, Ray",09/02/2021 09:52:22 GMT,PARTNER,Inactive,
JB-7TJP-3OYC,1905326696,Glory Glory!: Man United in the 90s [Hardcover] Andy Mitten,15/11/2020 10:06:41 GMT,PARTNER,Inactive,
KS-3Y11-14IY,1781311471,"Runner: A short story about a long run [Paperback] Hawker, Lizzy",15/06/2021 09:17:04 BST,PARTNER,Inactive,
LG-LNVR-MH9K,1785310542,The Death of Rugby: Neil Back's Story [Hardcover] Neil Back; Dean Eldredge; Sir Clive Woodward OBE; Martin Johnson CBE and Jonny Wilkinson CBE,06/12/2020 16:21:48 GMT,PARTNER,Inactive,
N0-LVRZ-ASBU,075284380X,The Guardian Columns Julie Burchill,27/11/2020 07:21:08 GMT,PARTNER,Inactive,
OL-I8RS-U2RA,857331817,When Football Was Football: Southampton: A Nostalgic Look at a Century of the Club [Hardcover] David James,13/07/2021 09:46:07 BST,PARTNER,Inactive,
P6-FH1Z-0MUR,857830694,Chickens [Paperback] Suzie Baldwin,07/07/2021 09:37:10 BST,PARTNER,Inactive,
PT-7TRM-AGCA,571290329,"Secrets of the Conqueror: The Untold Story of Britain's Most Famous Submarine [Hardcover] Prebble, Stuart",24/08/2021 13:14:51 BST,PARTNER,Inactive,
XL-GVBU-ATLX,857687751,Harry Potter: Page to Screen [Hardcover] Bob McCabe,15/06/2021 09:24:25 BST,DEFAULT,Inactive,
PM-A3SI-7MIO,1909653144,The Theory & Practice of Gamesmanship: or The Art of Winning Games Without Actually Cheating,,,Inactive,
KZ-XB8N-Z46V,1683690869,We Sold Our Souls,,,Inactive,
FO-77QC-U2LV,1782194231,Chloe Sims - the Only Way is Up - My Story,,,Inactive,
89-87E1-8WSM,1905745168,Confessions of a Showman: My Life in the Circus,,,Inactive,
F8-EQ27-SKF4,861661842,"From Hell Companion, The",,,Inactive,
ZL-5UH9-RIVL,224100025,"Night Games: Sex, Power and a Journey into the Dark Heart of Sport",,,Inactive,
SQ-TJ5S-340Z,1781311625,Greasepaint and Cordite: How ENSA Entertained the Troops During World War II,,,Inactive,
CS-V5YC-ARMP,752424122,Leyton Orient FC (Men Who Made),,,Inactive,
WJ-8FPD-XASE,1848502567,Right Time Baby: The Complete Guide to Later Motherhood,,,Inactive,
GO-FSM9-CGJ6,057123979X,The Woman Who Shot Mussolini,,,Inactive,
IY-KY11-0HQ1,1785310542,The Death of Rugby,,,Inactive,
J4-MQ0K-5DWE,1905411448,"Motherwell FC Miscellany: Steelman Trivia, History, Facts and Stats: Steelmen Trivia, History, Facts & STATS",,,Inactive,
MV-B10K-L8L9,0241333350,MasterChef Quick Wins,,,Inactive,
63-EIES-D0GW,1786310376,"Walking the Lake District Fells - Keswick: Skiddaw, Blencathra and the North",,,Inactive,
JZ-DHDO-RQWJ,178344732X,Hampstead the Hamster,,,Inactive,
PA-H8E6-GK5S,752455125,James Fitzjames: The Mystery Man of the Franklin Expedition,,,Inactive,
5W-DSKC-T3ZG,0711224099,Rock Climbing in Scotland,,,Inactive,
CE-GO1E-XYT6,1445482800,Beginners Visual Step by Step Cookbook(Love Food) (Beginners Step-By-Step),,,Inactive,
XD-VDW2-W3DD,1446303373,I Love Cross Stitch - Alphabet Collection: 9 Alphabets for personalized designs: 6,,,Inactive,
II-99HO-AAXV,0760355436,"Ultimate Expeditions Mythological Beasts: Includes 67 pieces to build 8 mythological creatures, and a removable diorama!",,,Inactive,
P4-55QT-R0VD,1840924071,The Pasta Machine Cookbook: 100 Simple and Successful Home Pasta Making Recipes,,,Inactive,
IQ-GSGM-5XZI,0099575752,The Fun Stuff and Other Essays,,,Inactive,
Z0-D704-714X,1785658638,Vengeful,,,Inactive,
AR-FG80-1P5H,1786178583,Junior Encyclopedia,,,Inactive,
TX-PUEQ-7MLW,1683690869,We Sold Our Souls,,,Inactive,
KJ-2DSS-K7KU,140810587X,Practical Textiles Techniques,,,Inactive,
C5-IGCM-OO71,1852847786,Cycling in the Lake District: Week-Long Tours and Day Rides (Cycling and Cycle Touring Guides) (Cicerone Cycling Guides),,,Inactive,
B4-SVRF-ZZJL,1852849010,Walking in Cumbria's Eden Valley: 30 walks between the Yorkshire Dales and the Solway salt marshes,,,Inactive,
JJ-M8Y9-IJE6,0006550169,"Georgiana, Duchess of Devonshire",,,Inactive,
YU-6GF6-0M63,0701188103,Memoirs Of A Pet Lamb,,,Inactive,
75-GZXI-YX7C,1852849568,"Outdoor Adventures with Children - Lake District: 40 family days with under 12s exploring, biking, scrambling, on the water and more (Adventures for C",,,Inactive,
JU-JVDL-B401,1786170663,100 Facts Rainforests,,,Inactive,
KV-GDPS-YVKL,1905411448,"Motherwell FC Miscellany: Steelman Trivia, History, Facts and Stats: Steelmen Trivia, History, Facts & STATS",,,Inactive,
KZ-JCBO-HBPN,1908489316,The Little Book of Wetland Bird Sounds (Sound Books),,,Inactive,
P5-NXMZ-X7HN,713688092,Practical Printmaking,,,Inactive,
IS-9OGS-UM6C,1789509645,Life Under Nazi Occupation: The Struggle to Survive During World War II,,,Inactive,
V5-P6SB-E04F,0752441361,Edmund Gosse,,,Inactive,
RD-6SBU-YO3Z,1398502146,The Decameron Project: 29 New Stories from the Pandemic,,,Inactive,
6R-3IXE-YOBP,1907637575,MOZ,,,Inactive,
F1-GG7B-IC6B,1783782315,The Godless Gospel: Was Jesus A Great Moral Teacher?,,,Inactive,
5J-FW67-EH4U,224092359,Federer and Me: A Story of Obsession,,,Inactive,
WW-2Z39-27CZ,750938293,The Longest Journey : The Inside Story of Sussex's Championship Triumph,,,Inactive,
JI-SDB7-ESB7,1909471534,Strictly Classified: Insights into the Trainer's Mind: Secrets and Insights Into the Trainers Mind,,,Inactive,
3O-C06T-JUF7,1909342807,Shed Decor: How to Decorate and Furnish your Favourite Garden Room,,,Inactive,
J5-GHUQ-D9IL,0857833154,Seriously Good Gluten-Free Cooking in association with Coeliac UK,,,Inactive,
7B-PUGQ-NVAP,1905745168,Confessions of a Showman: My Life in the Circus,,,Inactive,
M5-4VXB-VS2S,0711239754,Island Gardens: Havens of Beauty Around the British Isles,,,Inactive,
DY-B86V-DFFH,1785310798,"The Penalty King: The Autobiography of Johnny Hubbard, Rangers' Star of the 1950s",,,Inactive,
EL-CVEU-WVTR,1848684584,Norwich Through Time,,,Inactive,
3P-1HP8-6ITX,1910254576,Nostalgic Delights: Classic Confections & Timeless Treats,,,Inactive,
GA-B1DX-AC3N,190667048X,"RAF100 Cookbook: 100 Recipes, 100 Countries, 100 Years",,,Inactive,
VD-Q2BB-BR36,1785658638,Vengeful,,,Inactive,
YG-FQ03-22YG,1471197778,Dandelion,,,Inactive,
LD-59K7-OJLO,1529064066,Uncomfortable Conversations with a Black Man,,,Inactive,
RQ-SC7R-Y0OR,1787132536,First Knits: 20 Irresistible Hand Knits for Babies,,,Inactive,
QV-BOBP-CI69,224098276,Dreamstreets: A Journey Through Britain's Village Utopias,,,Inactive,
JL-FDKW-G2T4,861661826,Unearthing,,,Inactive,
P7-R6NH-A9PP,224075101,"Jacobs Beach: The Mob, the Garden, and the Golden Age of Boxing",,,Inactive,
SR-GSKA-MMMW,1842706985,Who's in the Loo?,,,Inactive,
LC-TJ1T-0N68,1905367104,"The Core Workout: A Definitive Guide to Swiss Ball Training for Athletes, Coaches and Fitness Professionals",,,Inactive,
UI-0425-FYUQ,1848505914,"How I Said Bah! to Cancer: A Guide to Thinking, Laughing, Living and Dancing Your Way Through",,,Inactive,
FT-7SOT-1MN5,178503717X,The Law Of The Playground: A puerile and disturbing dictionary of playground insults and games,,,Inactive,
UO-9XJ7-QPUO,1788280857,The Ghost Army: Conning the Third Reich,,,Inactive,
FP-5GME-1ZMW,0745333540,Doomed by Hope: Essays on Arab Theatre,,,Inactive,
JK-GTZD-3RNC,1845029895,Tales from the Dugout,,,Inactive,
8V-H4OJ-LCEL,0600633454,Hamlyn All Colour Cookery: 200 Pies & Tarts: Hamlyn All Colour Cookbook,,,Inactive,0-60-063345-4
0L-U6CY-L7AL,1787132536,First Knits: 20 Irresistible Hand Knits for Babies: 20 Irresistible Knits for Babies,,,Inactive,
32-XP8T-25XA,1781801789,"Secret Female Hormone, The: How Testosterone Replacement Can Change Your Life",,,Inactive,
H2-RRQG-NTRS,178249412X,Romantic English Homes,,,Inactive,
6M-XIL3-ELE5,1847672930,"For Richer, For Poorer: Confessions of a Player",,,Inactive,
TY-P2AJ-0JS9,1906509298,Sarah Raphael,,,Inactive,
0B-8KIQ-D0I3,0720611059,"Window in the Corner, The: A Half Century of Children's Television",,,Inactive,
KV-GDPS-YVKL,1905411448,"Motherwell FC Miscellany: Steelman Trivia, History, Facts and Stats",,,Inactive,
8X-8LR6-R5LJ,753512106,Peter Alliss' Golf Heroes,,,Inactive,
VG-R4KE-AX0R,224075101,"Jacobs Beach: The Mob, the Garden, and the Golden Age of Boxing",,,Inactive,
4G-WIHW-C96O,1785653571,Exiles of Valdemar: (A Valdemar Omnibus),,,Inactive,
0L-U6CY-L7AL,1787132536,First Knits: 20 Irresistible Hand Knits for Babies,,,Inactive,
R1-HYCQ-TZKT,99551055,Dead Set (Di January David),,,Inactive,
76-JNFD-1O3G,0-06-279775-1,Marine Knots: How to Tie 40 Essential Knots: Waterproof Cover and Detachable Rope,,,Inactive,
VD-Q2BB-BR36,1785658638,Vengeful (Villains 2),,,Inactive,
L7-JAOC-7LDS,1905745168,Confessions of a Showman: My Life in the Circus,,,Inactive,
54-FO5S-RZLL,1788284801,Drawing Figures: A Practical Course for Artists,,,Inactive,
WV-UU5G-CD5Y,178631035X,Walking the Lake District Fells - Mardale and the Far East: High Street and Kentmere (British Mountains),,,Inactive,
0L-U6CY-L7AL,1787132536,First Knits: 20 irresistible hand knits for babies: 20 Irresistible Hand Knits for Babies,,,Inactive,
4G-4S6H-B89G,1787132536,First Knits: 20 irresistible hand knits for babies: 20 irresistible knits for babies,,,Inactive,
EY-5DOI-7VQ5,1786310325,Walking the Lake District Fells - Langdale: The Langdale Pikes and Bowfell (British Mountains),,,Inactive,
1B-WN5I-03NR,1787130320,"Of Cats and Men: Profiles of history's great cat-loving artists, writers, thinkers and statesmen",,,Inactive,
2F-R5OV-07ST,752449966,"German Schoolboy, British Commando",,,Inactive,
RY-X8JY-I10C,1408830361,The Golden Scales: A Makana Investigation,,,Inactive,
3T-YIW2-RGA9,0749574836,50 Walks in The Lake District (AA 50 Walks series),,,Inactive,
2P-4E3Q-KENK,0091953367,A Christmas Wish,,,Inactive,
ZU-U62C-XQL8,1472124669,Death of a Liar (Hamish Macbeth),,,Inactive,
38-RS2D-IOW3,1401910904,Psychic Healing: Using the Tools of a Medium to Cure Whatever Ails You,,,Inactive,
0C-4X17-QBEW,1472520696,Williams Plays: 4: Sucker Punch; Category B; Joe Guy; Baby Girl; There's Only One Wayne Matthews (Contemporary Dramatists),,,Inactive,
JJ-UXCI-P3MQ,1783440783,The Spring Rabbit,,,Inactive,
CW-4YUY-40O9,571243037,Different Drummer: The Life of Kenneth MacMillan,,,Inactive,
SF-6HXL-3G2Y,0008300097,From Russia with Blood: Putin's Ruthless Killing Campaign and Secret War on the West,,,Inactive,
3W-3DPW-OH2A,224083252,Twirlymen: The Unlikely History of Cricket's Greatest Spin Bowlers,,,Inactive,
1S-76YJ-KZG9,1786310341,"Walking the Lake District Fells - Patterdale: Helvellyn, Fairfield and the East (British Mountains)",,,Inactive,
W0-0DSG-5MIG,1408830361,The Golden Scales: A Makana Investigation,,,Inactive,
EN-NB7F-D8I6,1845076087,Out of the Dust,,,Inactive,
2I-WUMA-Y7QE,071366410X,Robert Stewart: Design 1946-95,,,Inactive,
51-14ON-FI6X,857836226,The Diabetes Weight-Loss Cookbook: A life-changing diet to prevent and reverse type 2 diabetes,,,Inactive,
0L-U6CY-L7AL,1787132536,First Knits: 20 irresistible hand knits for babies: 20 irresistible knits for babies,,,Inactive,
GP-71HN-Y7YG,752449966,"German Schoolboy, British Commando",,,Inactive,
39-0UES-9USJ,184344013X,Fast Company: How Six Master Gamblers Constantly Defy the Odds - And Always Win,,,Inactive,
OT-7LQX-WQGB,99551055,Dead Set (Di January David),,,Inactive,
CX-KPAN-KYLZ,0752457055,Bats in the Larder: Memories of a 1970s Childhood by the Sea,,,Inactive,
NW-AYCX-9HF6,99533596,Smoking Ears and Screaming Teeth,,,Inactive,
E8-NDD2-JUGA,0711239746,Urban Rambles: 20 Glorious Walks Through English Cities,,,Inactive,
V5-P6SB-E04F,752441361,Edmund Gosse: A Literary Landscape,,,Inactive,
08-C5GO-A8HN,190667048X,"RAF100 Cookbook: 100 Recipes, 100 Countries, 100 Years",,,Inactive,
7Y-5102-59WB,178472436X,Farrow & Ball Recipes for Decorating,,,Inactive,
AX-UCKP-4A4F,085965317X,Never Apologise: The Collected Writings of Lindsay Anderson,,,Inactive,
HJ-UNG1-K860,0241364361,Knowledge Encyclopedia Dinosaur!: Over 60 Prehistoric Creatures as You've Never Seen Them Before,,,Inactive,
XL-0QL2-DQWR,1789090857,The Dark Vault,,,Inactive,
1M-EHQ3-7C05,91885787,Clubland Confidential,,,Inactive,
EH-YDCT-7B16,1785900625,How to Be a Government Whip,,,Inactive,
14-EHQ2-V4Z1,0192727133,The Fish Who Could Wish (Korky Paul Picture Book),,,Inactive,
HR-KWW4-251J,1683690869,We Sold Our Souls,,,Inactive,
OR-9LX7-54WF,1848509456,Everything I've Ever Learned About Change,,,Inactive,
H5-OUX2-IQJH,1843175789,The Devil's Graveyard: 3 (The Bourbon Kid Trilogy),,,Inactive,
H0-VB7H-S9ZS,1910851051,The Chicken that Hatched a Cow,,,Inactive,
7L-K74H-JJ4L,0857832573,The Camping Cookbook,,,Inactive,
UY-I1Z1-2N65,1844009823,The Gentle Art of Cookery (Classic Voices in Food),,,Inactive,
UX-B6UM-4Q4U,1848990081,"Family Camping Cookbook: Delicious, Easy-to-Make Food the Whole Family Will Love",,,Inactive,
VJ-WFGP-95MI,057123979X,The Woman Who Shot Mussolini,,,Inactive,
MC-PNJW-I9QF,571243037,Different Drummer: The Life of Kenneth MacMillan,,,Inactive,
8W-08WK-I0XW,571278523,Death of a Polaroid - A Manics Family Album,,,Inactive,
X1-GK6K-JUJ5,1788885228,Artists' Materials: The Complete Source book of Methods and Media,,,Inactive,
61-FZ1V-BZFC,1849543755,The Odd Couple: The curious friendship between Kingsley Amis and Philip Larkin,,,Inactive,
KO-5LA2-UGHM,752449044,Glamour in the Skies: The Golden Age of the Air Stewardess,,,Inactive,
96-XI9H-B88M,1841952079,Misadventures,,,Inactive,
HP-3RK7-S5DR,1783122536,iExplore - Bugs: An Augmented Reality Book,,,Inactive,
96-02GZ-MGVV,0857833154,Seriously Good Gluten-Free Cooking in association with Coeliac UK,,,Inactive,
2A-7VQQ-AX9D,1848102348,100 Facts Monkeys & Apes,,,Inactive,
EL-TOLE-MTMG,1842700839,War And Peas: 1,,,Inactive,
J4-MQ0K-5DWE,1905411448,"Motherwell FC Miscellany: Steelman Trivia, History, Facts and Stats",,,Inactive,
0Y-NBQM-TD5T,1789500060,The Battle of the Bulge: The Allies' Greatest Conflict on the Western Front,,,Inactive,
JI-SDB7-ESB7,1909471534,Strictly Classified: Insights into the Trainer's Mind,,,Inactive,
GE-A1ZV-NAKY,1408862662,Marmaduke the Very Popular Dragon,,,Inactive,
27-RTWX-GRDU,1783445459,The World's Laziest Duck: and other Amazing Records,,,Inactive,
NY-JBC7-814N,224083252,Twirlymen: The Unlikely History of Cricket's Greatest Spin Bowlers,,,Inactive,
8O-1H2T-B567,000729915X,Consumed,,,Inactive,
WK-J45D-99JY,1781801789,"Secret Female Hormone, The: How Testosterone Replacement Can Change Your Life",,,Inactive,
DZ-Z6F8-Z4U3,1788883942,"Get Creative: Over 60 exercises, activities and prompts to stimulate your imagination",,,Inactive,
XG-UYZC-Q7FZ,1786310368,"Walking the Lake District Fells - Buttermere: High Stile, Grasmoor, Grisedale Pike and Haystacks",,,Inactive,
RW-IYM9-ZAED,1445664062,Portsmouth in 50 Buildings,,,Inactive,
IJ-1U34-J0VH,91926963,3 Commando Brigade,,,Inactive,
DY-VXZ9-DIPC,1787390810,"How Do You Survive a Duel? (Puzzle Books): And other mathematical diversions, puzzles and brainteasers",,,Inactive,
2I-WUMA-Y7QE,071366410X,Robert Stewart: Design 1946-95 (Glasgow School of Art),,,Inactive,
0Z-ZT2P-5ARJ,715332023,Ghost Caught on Film 2,,,Inactive,
QY-RG2Y-4I8V,1445690284,"The Real Vampires: Death, Terror, and the Supernatural",,,Inactive,
N4-FL1W-5IXZ,1788400275,The Sex Pistols - 1977: The Bollocks Diaries,,,Inactive,
SW-3OLN-BU75,1444010859,The Story of World War One,,,Inactive,
4I-5EO7-5ETL,1782436634,Star Trek: Redshirt's Little Book of Doom,,,Inactive,